<?xml version="1.0" encoding="UTF-8"?> 
<java version="1.6.0_21" class="java.beans.XMLDecoder"> 
 <object class="java.util.ArrayList"> 
  <void method="add"> 
   <object class="uk.ac.aber.dcs.cs12420.aberpizza.data.model.Pizza"> 
    <void property="description"> 
     <string>Pepperoni</string> 
    </void> 
    <void property="price"> 
     <object class="java.math.BigDecimal"> 
      <string>5.99</string> 
     </object> 
    </void> 
    <void property="prices"> 
     <void index="1"> 
      <object class="java.math.BigDecimal"> 
       <string>6.99</string> 
      </object> 
     </void> 
     <void index="2"> 
      <object class="java.math.BigDecimal"> 
       <string>7.99</string> 
      </object> 
     </void> 
    </void> 
    <void property="size"> 
     <object class="uk.ac.aber.dcs.cs12420.aberpizza.data.enums.ItemSize" method="valueOf"> 
      <string>SMALL</string> 
     </object> 
    </void> 
   </object> 
  </void> 
 </object> 
</java> 
