<?xml version="1.0" encoding="UTF-8"?> 
<java version="1.6.0_21" class="java.beans.XMLDecoder"> 
 <object class="java.util.ArrayList"> 
  <void method="add"> 
   <object class="uk.ac.aber.dcs.cs12420.aberpizza.data.model.Side"> 
    <void property="description"> 
     <string>Garlic Bread</string> 
    </void> 
    <void property="price"> 
     <object class="java.math.BigDecimal"> 
      <string>0.89</string> 
     </object> 
    </void> 
   </object> 
  </void> 
  <void method="add"> 
   <object class="uk.ac.aber.dcs.cs12420.aberpizza.data.model.Side"> 
    <void property="description"> 
     <string>Soup</string> 
    </void> 
    <void property="price"> 
     <object class="java.math.BigDecimal"> 
      <string>0.97</string> 
     </object> 
    </void> 
   </object> 
  </void> 
 </object> 
</java> 
