<?xml version="1.0" encoding="UTF-8"?> 
<java version="1.6.0_21" class="java.beans.XMLDecoder"> 
 <object class="uk.ac.aber.dcs.cs12420.aberpizza.data.Till"> 
  <void property="orders"> 
   <void method="add"> 
    <object class="uk.ac.aber.dcs.cs12420.aberpizza.data.Order"> 
     <void property="customerName"> 
      <string>aefsgsd</string> 
     </void> 
     <void property="date"> 
      <object class="java.util.Date"> 
       <long>1333525419589</long> 
      </object> 
     </void> 
     <void property="items"> 
      <void method="add"> 
       <object class="uk.ac.aber.dcs.cs12420.aberpizza.data.OrderItem"> 
        <void property="item"> 
         <object class="uk.ac.aber.dcs.cs12420.aberpizza.data.model.Pizza"> 
          <void property="description"> 
           <string>Pepperoni</string> 
          </void> 
          <void property="price"> 
           <object class="java.math.BigDecimal"> 
            <string>5.99</string> 
           </object> 
          </void> 
          <void property="prices"> 
           <void index="1"> 
            <object class="java.math.BigDecimal"> 
             <string>6.99</string> 
            </object> 
           </void> 
           <void index="2"> 
            <object class="java.math.BigDecimal"> 
             <string>7.99</string> 
            </object> 
           </void> 
          </void> 
          <void property="size"> 
           <object id="ItemSize0" class="uk.ac.aber.dcs.cs12420.aberpizza.data.enums.ItemSize" method="valueOf"> 
            <string>SMALL</string> 
           </object> 
          </void> 
         </object> 
        </void> 
        <void property="quantity"> 
         <int>1</int> 
        </void> 
       </object> 
      </void> 
     </void> 
    </object> 
   </void> 
   <void method="add"> 
    <object class="uk.ac.aber.dcs.cs12420.aberpizza.data.Order"> 
     <void property="customerName"> 
      <string>Bob</string> 
     </void> 
     <void property="date"> 
      <object class="java.util.Date"> 
       <long>1333528610179</long> 
      </object> 
     </void> 
     <void property="items"> 
      <void method="add"> 
       <object class="uk.ac.aber.dcs.cs12420.aberpizza.data.OrderItem"> 
        <void property="item"> 
         <object class="uk.ac.aber.dcs.cs12420.aberpizza.data.model.Pizza"> 
          <void property="description"> 
           <string>Pepperoni</string> 
          </void> 
          <void property="price"> 
           <object class="java.math.BigDecimal"> 
            <string>5.99</string> 
           </object> 
          </void> 
          <void property="prices"> 
           <void index="1"> 
            <object class="java.math.BigDecimal"> 
             <string>6.99</string> 
            </object> 
           </void> 
           <void index="2"> 
            <object class="java.math.BigDecimal"> 
             <string>7.99</string> 
            </object> 
           </void> 
          </void> 
          <void property="size"> 
           <object idref="ItemSize0"/> 
          </void> 
         </object> 
        </void> 
        <void property="quantity"> 
         <int>1</int> 
        </void> 
       </object> 
      </void> 
      <void method="add"> 
       <object class="uk.ac.aber.dcs.cs12420.aberpizza.data.OrderItem"> 
        <void property="item"> 
         <object class="uk.ac.aber.dcs.cs12420.aberpizza.data.model.Pizza"> 
          <void property="description"> 
           <string>Ham and Cheese</string> 
          </void> 
          <void property="price"> 
           <object class="java.math.BigDecimal"> 
            <string>5.99</string> 
           </object> 
          </void> 
          <void property="prices"> 
           <void index="1"> 
            <object class="java.math.BigDecimal"> 
             <string>6.99</string> 
            </object> 
           </void> 
           <void index="2"> 
            <object class="java.math.BigDecimal"> 
             <string>7.99</string> 
            </object> 
           </void> 
          </void> 
          <void property="size"> 
           <object idref="ItemSize0"/> 
          </void> 
         </object> 
        </void> 
        <void property="quantity"> 
         <int>1</int> 
        </void> 
       </object> 
      </void> 
      <void method="add"> 
       <object class="uk.ac.aber.dcs.cs12420.aberpizza.data.OrderItem"> 
        <void property="item"> 
         <object class="uk.ac.aber.dcs.cs12420.aberpizza.data.model.Pizza"> 
          <void property="description"> 
           <string>Cheese Feast</string> 
          </void> 
          <void property="price"> 
           <object class="java.math.BigDecimal"> 
            <string>5.99</string> 
           </object> 
          </void> 
          <void property="prices"> 
           <void index="0"> 
            <object class="java.math.BigDecimal"> 
             <string>4.99</string> 
            </object> 
           </void> 
           <void index="2"> 
            <object class="java.math.BigDecimal"> 
             <string>6.99</string> 
            </object> 
           </void> 
          </void> 
          <void property="size"> 
           <object class="uk.ac.aber.dcs.cs12420.aberpizza.data.enums.ItemSize" method="valueOf"> 
            <string>MEDIUM</string> 
           </object> 
          </void> 
         </object> 
        </void> 
        <void property="quantity"> 
         <int>1</int> 
        </void> 
       </object> 
      </void> 
      <void method="add"> 
       <object class="uk.ac.aber.dcs.cs12420.aberpizza.data.OrderItem"> 
        <void property="item"> 
         <object class="uk.ac.aber.dcs.cs12420.aberpizza.data.model.Side"> 
          <void property="description"> 
           <string>Garlic Bread</string> 
          </void> 
          <void property="price"> 
           <object class="java.math.BigDecimal"> 
            <string>0.89</string> 
           </object> 
          </void> 
         </object> 
        </void> 
        <void property="quantity"> 
         <int>1</int> 
        </void> 
       </object> 
      </void> 
      <void method="add"> 
       <object class="uk.ac.aber.dcs.cs12420.aberpizza.data.OrderItem"> 
        <void property="item"> 
         <object class="uk.ac.aber.dcs.cs12420.aberpizza.data.model.Drink"> 
          <void property="description"> 
           <string>Cola</string> 
          </void> 
          <void property="price"> 
           <object class="java.math.BigDecimal"> 
            <string>0.99</string> 
           </object> 
          </void> 
         </object> 
        </void> 
        <void property="quantity"> 
         <int>1</int> 
        </void> 
       </object> 
      </void> 
     </void> 
    </object> 
   </void> 
  </void> 
 </object> 
</java> 
